file,lang,n,asr,refused,gibberish
gen_baseline_L-1_a0.0.jsonl,ar,40,0.25,0.75,0.0
gen_baseline_L-1_a0.0.jsonl,bn,40,0.925,0.075,0.0
gen_baseline_L-1_a0.0.jsonl,en,40,0.35,0.65,0.0
gen_baseline_L-1_a0.0.jsonl,it,40,0.225,0.775,0.0
gen_baseline_L-1_a0.0.jsonl,jv,40,0.35,0.65,0.0
gen_baseline_L-1_a0.0.jsonl,ko,40,0.75,0.25,0.025
gen_baseline_L-1_a0.0.jsonl,sw,40,0.775,0.225,0.025
gen_baseline_L-1_a0.0.jsonl,th,40,0.175,0.825,0.0
gen_baseline_L-1_a0.0.jsonl,vi,40,0.2,0.8,0.0
gen_baseline_L-1_a0.0.jsonl,zh,40,0.725,0.275,0.025
gen_bottleneck_L14_a3_L14_a3.0.jsonl,ar,40,0.25,0.75,0.0
gen_bottleneck_L14_a3_L14_a3.0.jsonl,bn,40,1.0,0.0,0.0
gen_bottleneck_L14_a3_L14_a3.0.jsonl,en,40,0.4,0.6,0.0
gen_bottleneck_L14_a3_L14_a3.0.jsonl,it,40,0.25,0.75,0.0
gen_bottleneck_L14_a3_L14_a3.0.jsonl,jv,40,0.3,0.7,0.0
gen_bottleneck_L14_a3_L14_a3.0.jsonl,ko,40,0.825,0.175,0.075
gen_bottleneck_L14_a3_L14_a3.0.jsonl,sw,40,0.975,0.025,0.0
gen_bottleneck_L14_a3_L14_a3.0.jsonl,th,40,0.125,0.875,0.0
gen_bottleneck_L14_a3_L14_a3.0.jsonl,vi,40,0.15,0.85,0.0
gen_bottleneck_L14_a3_L14_a3.0.jsonl,zh,40,0.6,0.4,0.025
gen_bottleneck_L14_a5_L14_a5.0.jsonl,ar,40,0.35,0.65,0.0
gen_bottleneck_L14_a5_L14_a5.0.jsonl,bn,40,1.0,0.0,0.0
gen_bottleneck_L14_a5_L14_a5.0.jsonl,en,40,0.475,0.525,0.0
gen_bottleneck_L14_a5_L14_a5.0.jsonl,it,40,0.225,0.775,0.0
gen_bottleneck_L14_a5_L14_a5.0.jsonl,jv,40,0.4,0.6,0.0
gen_bottleneck_L14_a5_L14_a5.0.jsonl,ko,40,0.825,0.175,0.075
gen_bottleneck_L14_a5_L14_a5.0.jsonl,sw,40,1.0,0.0,0.0
gen_bottleneck_L14_a5_L14_a5.0.jsonl,th,40,0.425,0.575,0.025
gen_bottleneck_L14_a5_L14_a5.0.jsonl,vi,40,0.175,0.825,0.0
gen_bottleneck_L14_a5_L14_a5.0.jsonl,zh,40,0.275,0.725,0.0
gen_bottleneck_L14_a8_L14_a8.0.jsonl,ar,40,0.675,0.325,0.0
gen_bottleneck_L14_a8_L14_a8.0.jsonl,bn,40,1.0,0.0,0.0
gen_bottleneck_L14_a8_L14_a8.0.jsonl,en,40,0.8,0.2,0.0
gen_bottleneck_L14_a8_L14_a8.0.jsonl,it,40,0.7,0.3,0.025
gen_bottleneck_L14_a8_L14_a8.0.jsonl,jv,40,0.55,0.45,0.0
gen_bottleneck_L14_a8_L14_a8.0.jsonl,ko,40,1.0,0.0,0.125
gen_bottleneck_L14_a8_L14_a8.0.jsonl,sw,40,1.0,0.0,0.0
gen_bottleneck_L14_a8_L14_a8.0.jsonl,th,40,0.825,0.175,0.025
gen_bottleneck_L14_a8_L14_a8.0.jsonl,vi,40,0.425,0.575,0.025
gen_bottleneck_L14_a8_L14_a8.0.jsonl,zh,40,0.65,0.35,0.0
gen_bottleneck_L9_a5_L9_a5.0.jsonl,ar,40,0.125,0.875,0.0
gen_bottleneck_L9_a5_L9_a5.0.jsonl,bn,40,0.975,0.025,0.0
gen_bottleneck_L9_a5_L9_a5.0.jsonl,en,40,0.25,0.75,0.0
gen_bottleneck_L9_a5_L9_a5.0.jsonl,it,40,0.175,0.825,0.0
gen_bottleneck_L9_a5_L9_a5.0.jsonl,jv,40,0.05,0.95,0.0
gen_bottleneck_L9_a5_L9_a5.0.jsonl,ko,40,0.975,0.025,0.025
gen_bottleneck_L9_a5_L9_a5.0.jsonl,sw,40,1.0,0.0,0.0
gen_bottleneck_L9_a5_L9_a5.0.jsonl,th,40,0.375,0.625,0.0
gen_bottleneck_L9_a5_L9_a5.0.jsonl,vi,40,0.125,0.875,0.0
gen_bottleneck_L9_a5_L9_a5.0.jsonl,zh,40,0.425,0.575,0.0
gen_bottleneck_L9_a8_L9_a8.0.jsonl,ar,40,0.8,0.2,0.0
gen_bottleneck_L9_a8_L9_a8.0.jsonl,bn,40,1.0,0.0,0.0
gen_bottleneck_L9_a8_L9_a8.0.jsonl,en,40,0.25,0.75,0.0
gen_bottleneck_L9_a8_L9_a8.0.jsonl,it,40,0.175,0.825,0.0
gen_bottleneck_L9_a8_L9_a8.0.jsonl,jv,40,0.25,0.75,0.0
gen_bottleneck_L9_a8_L9_a8.0.jsonl,ko,40,1.0,0.0,0.0
gen_bottleneck_L9_a8_L9_a8.0.jsonl,sw,40,1.0,0.0,0.0
gen_bottleneck_L9_a8_L9_a8.0.jsonl,th,40,0.025,0.975,0.0
gen_bottleneck_L9_a8_L9_a8.0.jsonl,vi,40,0.2,0.8,0.0
gen_bottleneck_L9_a8_L9_a8.0.jsonl,zh,40,0.8,0.2,0.0
gen_surface_L28_a3_L28_a3.0.jsonl,ar,40,0.3,0.7,0.0
gen_surface_L28_a3_L28_a3.0.jsonl,bn,40,0.925,0.075,0.0
gen_surface_L28_a3_L28_a3.0.jsonl,en,40,0.325,0.675,0.0
gen_surface_L28_a3_L28_a3.0.jsonl,it,40,0.225,0.775,0.0
gen_surface_L28_a3_L28_a3.0.jsonl,jv,40,0.35,0.65,0.0
gen_surface_L28_a3_L28_a3.0.jsonl,ko,40,0.75,0.25,0.0
gen_surface_L28_a3_L28_a3.0.jsonl,sw,40,0.825,0.175,0.025
gen_surface_L28_a3_L28_a3.0.jsonl,th,40,0.175,0.825,0.0
gen_surface_L28_a3_L28_a3.0.jsonl,vi,40,0.15,0.85,0.0
gen_surface_L28_a3_L28_a3.0.jsonl,zh,40,0.725,0.275,0.025
gen_surface_L28_a5_L28_a5.0.jsonl,ar,40,0.3,0.7,0.0
gen_surface_L28_a5_L28_a5.0.jsonl,bn,40,0.975,0.025,0.0
gen_surface_L28_a5_L28_a5.0.jsonl,en,40,0.3,0.7,0.0
gen_surface_L28_a5_L28_a5.0.jsonl,it,40,0.225,0.775,0.0
gen_surface_L28_a5_L28_a5.0.jsonl,jv,40,0.35,0.65,0.0
gen_surface_L28_a5_L28_a5.0.jsonl,ko,40,0.825,0.175,0.0
gen_surface_L28_a5_L28_a5.0.jsonl,sw,40,0.9,0.1,0.025
gen_surface_L28_a5_L28_a5.0.jsonl,th,40,0.2,0.8,0.0
gen_surface_L28_a5_L28_a5.0.jsonl,vi,40,0.175,0.825,0.0
gen_surface_L28_a5_L28_a5.0.jsonl,zh,40,0.75,0.25,0.025
