file,n_probe,rank_r,layer_group,seed,layer_used,heldout_lang_acc,complement_acc,principal_angle_median_cos,predicate_pass
results/m1/best_all_non_upper.npz,1000,32,all_non_upper,43,14,0.8636363636363636,0.3318181818181818,0.12646368145942688,False
results/m1/best_early.npz,250,16,early,43,6,0.9681818181818183,0.49090909090909085,0.11325528472661972,False
results/m1/best_mid.npz,500,16,mid,42,18,0.8409090909090909,0.3727272727272728,0.1579478234052658,False
results/m1/n1000_r16_all_non_upper_s42.npz,1000,16,all_non_upper,42,14,0.8636363636363636,0.34545454545454546,0.15769055485725403,False
results/m1/n1000_r16_all_non_upper_s43.npz,1000,16,all_non_upper,43,14,0.8636363636363636,0.3318181818181818,0.1329139918088913,False
results/m1/n1000_r16_all_non_upper_s44.npz,1000,16,all_non_upper,44,14,0.8318181818181817,0.35000000000000003,0.12679658830165863,False
results/m1/n1000_r16_early_s42.npz,1000,16,early,42,6,0.968181818181818,0.4363636363636363,0.11864257603883743,False
results/m1/n1000_r16_early_s43.npz,1000,16,early,43,6,0.9636363636363636,0.39545454545454545,0.11559036374092102,False
results/m1/n1000_r16_early_s44.npz,1000,16,early,44,6,0.9318181818181818,0.359090909090909,0.0914245992898941,False
results/m1/n1000_r16_mid_s42.npz,1000,16,mid,42,18,0.8363636363636363,0.35909090909090907,0.1561010777950287,False
results/m1/n1000_r16_mid_s43.npz,1000,16,mid,43,18,0.8090909090909091,0.2818181818181818,0.13219809532165527,False
results/m1/n1000_r16_mid_s44.npz,1000,16,mid,44,18,0.6636363636363636,0.3318181818181818,0.11889548599720001,False
results/m1/n1000_r1_all_non_upper_s42.npz,1000,1,all_non_upper,42,14,0.15,0.9318181818181817,0.3459102511405945,False
results/m1/n1000_r1_all_non_upper_s43.npz,1000,1,all_non_upper,43,14,0.17727272727272728,0.8999999999999999,0.25915518403053284,False
results/m1/n1000_r1_all_non_upper_s44.npz,1000,1,all_non_upper,44,14,0.17272727272727273,0.881818181818182,0.22754015028476715,False
results/m1/n1000_r1_early_s42.npz,1000,1,early,42,6,0.17272727272727273,0.9772727272727273,0.2512480616569519,False
results/m1/n1000_r1_early_s43.npz,1000,1,early,43,6,0.18181818181818182,0.95,0.079421266913414,False
results/m1/n1000_r1_early_s44.npz,1000,1,early,44,6,0.18181818181818182,0.9545454545454546,0.06868084520101547,False
results/m1/n1000_r1_mid_s42.npz,1000,1,mid,42,18,0.17272727272727273,0.9090909090909091,0.30030763149261475,False
results/m1/n1000_r1_mid_s43.npz,1000,1,mid,43,18,0.17727272727272728,0.85,0.2901756763458252,False
results/m1/n1000_r1_mid_s44.npz,1000,1,mid,44,18,0.1636363636363636,0.8727272727272727,0.16242818534374237,False
results/m1/n1000_r2_all_non_upper_s42.npz,1000,2,all_non_upper,42,14,0.35454545454545455,0.8772727272727271,0.17436917126178741,False
results/m1/n1000_r2_all_non_upper_s43.npz,1000,2,all_non_upper,43,14,0.3181818181818182,0.8636363636363634,0.1294633150100708,False
results/m1/n1000_r2_all_non_upper_s44.npz,1000,2,all_non_upper,44,14,0.3136363636363636,0.8454545454545453,0.14928103983402252,False
results/m1/n1000_r2_early_s42.npz,1000,2,early,42,6,0.34545454545454546,0.9272727272727274,0.12123939394950867,False
results/m1/n1000_r2_early_s43.npz,1000,2,early,43,6,0.3590909090909091,0.9090909090909091,0.08018212020397186,False
results/m1/n1000_r2_early_s44.npz,1000,2,early,44,6,0.3909090909090909,0.9,0.07844706624746323,False
results/m1/n1000_r2_mid_s42.npz,1000,2,mid,42,18,0.2409090909090909,0.8545454545454546,0.15594327449798584,False
results/m1/n1000_r2_mid_s43.npz,1000,2,mid,43,18,0.2590909090909091,0.8,0.10350828617811203,False
results/m1/n1000_r2_mid_s44.npz,1000,2,mid,44,18,0.24545454545454548,0.8363636363636363,0.09035391360521317,False
results/m1/n1000_r32_all_non_upper_s42.npz,1000,32,all_non_upper,42,14,0.8636363636363636,0.34545454545454546,0.125169038772583,False
results/m1/n1000_r32_all_non_upper_s43.npz,1000,32,all_non_upper,43,14,0.8636363636363636,0.3318181818181818,0.12646368145942688,False
results/m1/n1000_r32_all_non_upper_s44.npz,1000,32,all_non_upper,44,14,0.8318181818181817,0.35000000000000003,0.11972365528345108,False
results/m1/n1000_r32_early_s42.npz,1000,32,early,42,6,0.968181818181818,0.4363636363636363,0.10060730576515198,False
results/m1/n1000_r32_early_s43.npz,1000,32,early,43,6,0.9636363636363636,0.39545454545454545,0.11151965707540512,False
results/m1/n1000_r32_early_s44.npz,1000,32,early,44,6,0.9318181818181818,0.359090909090909,0.10476861894130707,False
results/m1/n1000_r32_mid_s42.npz,1000,32,mid,42,18,0.8363636363636363,0.35909090909090907,0.11429449915885925,False
results/m1/n1000_r32_mid_s43.npz,1000,32,mid,43,18,0.8090909090909091,0.2818181818181818,0.1342885047197342,False
results/m1/n1000_r32_mid_s44.npz,1000,32,mid,44,18,0.6636363636363636,0.3318181818181818,0.12945321202278137,False
results/m1/n1000_r4_all_non_upper_s42.npz,1000,4,all_non_upper,42,14,0.5272727272727273,0.7727272727272727,0.13100726902484894,False
results/m1/n1000_r4_all_non_upper_s43.npz,1000,4,all_non_upper,43,14,0.4454545454545455,0.75,0.1169278472661972,False
results/m1/n1000_r4_all_non_upper_s44.npz,1000,4,all_non_upper,44,14,0.45454545454545453,0.7681818181818181,0.14169470965862274,False
results/m1/n1000_r4_early_s42.npz,1000,4,early,42,6,0.5272727272727272,0.8772727272727273,0.062346309423446655,False
results/m1/n1000_r4_early_s43.npz,1000,4,early,43,6,0.45909090909090905,0.8545454545454546,0.11586903035640717,False
results/m1/n1000_r4_early_s44.npz,1000,4,early,44,6,0.5545454545454546,0.8318181818181817,0.1199721246957779,False
results/m1/n1000_r4_mid_s42.npz,1000,4,mid,42,18,0.4272727272727273,0.7727272727272727,0.13550911843776703,False
results/m1/n1000_r4_mid_s43.npz,1000,4,mid,43,18,0.4772727272727273,0.7045454545454546,0.1188201755285263,False
results/m1/n1000_r4_mid_s44.npz,1000,4,mid,44,18,0.4272727272727273,0.7227272727272728,0.13469822704792023,False
results/m1/n1000_r8_all_non_upper_s42.npz,1000,8,all_non_upper,42,14,0.7272727272727273,0.46818181818181814,0.11941066384315491,False
results/m1/n1000_r8_all_non_upper_s43.npz,1000,8,all_non_upper,43,14,0.7136363636363637,0.4454545454545454,0.1130901351571083,False
results/m1/n1000_r8_all_non_upper_s44.npz,1000,8,all_non_upper,44,14,0.6909090909090909,0.48636363636363633,0.11346418410539627,False
results/m1/n1000_r8_early_s42.npz,1000,8,early,42,6,0.8181818181818182,0.5954545454545453,0.0797608345746994,False
results/m1/n1000_r8_early_s43.npz,1000,8,early,43,6,0.8363636363636364,0.5499999999999999,0.07965536415576935,False
results/m1/n1000_r8_early_s44.npz,1000,8,early,44,6,0.790909090909091,0.5136363636363636,0.08310600370168686,False
results/m1/n1000_r8_mid_s42.npz,1000,8,mid,42,18,0.6863636363636364,0.48636363636363633,0.11269229650497437,False
results/m1/n1000_r8_mid_s43.npz,1000,8,mid,43,18,0.7227272727272728,0.4090909090909091,0.12681810557842255,False
results/m1/n1000_r8_mid_s44.npz,1000,8,mid,44,18,0.7181818181818183,0.45454545454545453,0.13276179134845734,False
results/m1/n100_r16_all_non_upper_s42.npz,100,16,all_non_upper,42,14,0.8454545454545456,0.5954545454545456,0.13839931786060333,False
results/m1/n100_r16_all_non_upper_s43.npz,100,16,all_non_upper,43,14,0.8318181818181817,0.6772727272727272,0.1349233090877533,False
results/m1/n100_r16_all_non_upper_s44.npz,100,16,all_non_upper,44,14,0.7818181818181817,0.6545454545454545,0.1116359680891037,False
results/m1/n100_r16_early_s42.npz,100,16,early,42,6,0.95,0.7136363636363637,0.11453743278980255,False
results/m1/n100_r16_early_s43.npz,100,16,early,43,6,0.9545454545454546,0.7136363636363637,0.12497022747993469,False
results/m1/n100_r16_early_s44.npz,100,16,early,44,6,0.9272727272727274,0.6863636363636363,0.09560221433639526,False
results/m1/n100_r16_mid_s42.npz,100,16,mid,42,18,0.7636363636363637,0.6363636363636364,0.14292864501476288,False
results/m1/n100_r16_mid_s43.npz,100,16,mid,43,18,0.7181818181818183,0.6181818181818182,0.13158069550991058,False
results/m1/n100_r16_mid_s44.npz,100,16,mid,44,18,0.7045454545454546,0.6090909090909091,0.12054833769798279,False
results/m1/n100_r1_all_non_upper_s42.npz,100,1,all_non_upper,42,14,0.17272727272727273,0.9272727272727272,0.34910762310028076,False
results/m1/n100_r1_all_non_upper_s43.npz,100,1,all_non_upper,43,14,0.15454545454545457,0.9045454545454544,0.2587512135505676,False
results/m1/n100_r1_all_non_upper_s44.npz,100,1,all_non_upper,44,14,0.16818181818181818,0.881818181818182,0.2251928150653839,False
results/m1/n100_r1_early_s42.npz,100,1,early,42,6,0.17727272727272728,0.9772727272727273,0.2528054118156433,False
results/m1/n100_r1_early_s43.npz,100,1,early,43,6,0.17727272727272728,0.9545454545454546,0.07079976052045822,False
results/m1/n100_r1_early_s44.npz,100,1,early,44,6,0.18181818181818182,0.9545454545454546,0.07201595604419708,False
results/m1/n100_r1_mid_s42.npz,100,1,mid,42,18,0.16818181818181818,0.9,0.3012215495109558,False
results/m1/n100_r1_mid_s43.npz,100,1,mid,43,18,0.17727272727272728,0.8545454545454546,0.28266826272010803,False
results/m1/n100_r1_mid_s44.npz,100,1,mid,44,18,0.18181818181818182,0.859090909090909,0.15640780329704285,False
results/m1/n100_r2_all_non_upper_s42.npz,100,2,all_non_upper,42,14,0.24545454545454548,0.8954545454545453,0.17943480610847473,False
results/m1/n100_r2_all_non_upper_s43.npz,100,2,all_non_upper,43,14,0.2772727272727273,0.8863636363636362,0.12721745669841766,False
results/m1/n100_r2_all_non_upper_s44.npz,100,2,all_non_upper,44,14,0.32272727272727275,0.868181818181818,0.15508781373500824,False
results/m1/n100_r2_early_s42.npz,100,2,early,42,6,0.2636363636363636,0.9363636363636364,0.11504578590393066,False
results/m1/n100_r2_early_s43.npz,100,2,early,43,6,0.33636363636363636,0.9363636363636363,0.07780764251947403,False
results/m1/n100_r2_early_s44.npz,100,2,early,44,6,0.25,0.9090909090909091,0.07097216695547104,False
results/m1/n100_r2_mid_s42.npz,100,2,mid,42,18,0.19545454545454544,0.8909090909090908,0.14399318397045135,False
results/m1/n100_r2_mid_s43.npz,100,2,mid,43,18,0.29090909090909095,0.8409090909090909,0.09781008213758469,False
results/m1/n100_r2_mid_s44.npz,100,2,mid,44,18,0.2545454545454545,0.8363636363636363,0.09142670780420303,False
results/m1/n100_r32_all_non_upper_s42.npz,100,32,all_non_upper,42,14,0.8454545454545456,0.5954545454545456,0.13781848549842834,False
results/m1/n100_r32_all_non_upper_s43.npz,100,32,all_non_upper,43,14,0.8318181818181817,0.6772727272727272,0.12751515209674835,False
results/m1/n100_r32_all_non_upper_s44.npz,100,32,all_non_upper,44,14,0.7818181818181817,0.6545454545454545,0.12471020221710205,False
results/m1/n100_r32_early_s42.npz,100,32,early,42,6,0.95,0.7136363636363637,0.0960332602262497,False
results/m1/n100_r32_early_s43.npz,100,32,early,43,6,0.9545454545454546,0.7136363636363637,0.12545186281204224,False
results/m1/n100_r32_early_s44.npz,100,32,early,44,6,0.9272727272727274,0.6863636363636363,0.1061154454946518,False
results/m1/n100_r32_mid_s42.npz,100,32,mid,42,18,0.7636363636363637,0.6363636363636364,0.15538495779037476,False
results/m1/n100_r32_mid_s43.npz,100,32,mid,43,18,0.7181818181818183,0.6181818181818182,0.12097552418708801,False
results/m1/n100_r32_mid_s44.npz,100,32,mid,44,18,0.7045454545454546,0.6090909090909091,0.1419256329536438,False
results/m1/n100_r4_all_non_upper_s42.npz,100,4,all_non_upper,42,14,0.5454545454545454,0.8409090909090909,0.13078874349594116,False
results/m1/n100_r4_all_non_upper_s43.npz,100,4,all_non_upper,43,14,0.4318181818181818,0.85,0.12902994453907013,False
results/m1/n100_r4_all_non_upper_s44.npz,100,4,all_non_upper,44,14,0.4227272727272727,0.8272727272727273,0.1467493623495102,False
results/m1/n100_r4_early_s42.npz,100,4,early,42,6,0.4954545454545455,0.9181818181818181,0.06421518325805664,False
results/m1/n100_r4_early_s43.npz,100,4,early,43,6,0.49090909090909085,0.9090909090909091,0.11477546393871307,False
results/m1/n100_r4_early_s44.npz,100,4,early,44,6,0.4681818181818182,0.8954545454545454,0.11316249519586563,False
results/m1/n100_r4_mid_s42.npz,100,4,mid,42,18,0.4318181818181818,0.8454545454545453,0.12828794121742249,False
results/m1/n100_r4_mid_s43.npz,100,4,mid,43,18,0.40454545454545454,0.7954545454545454,0.13703368604183197,False
results/m1/n100_r4_mid_s44.npz,100,4,mid,44,18,0.40454545454545454,0.7954545454545454,0.1336745172739029,False
results/m1/n100_r8_all_non_upper_s42.npz,100,8,all_non_upper,42,14,0.7272727272727273,0.6772727272727272,0.10904064774513245,False
results/m1/n100_r8_all_non_upper_s43.npz,100,8,all_non_upper,43,14,0.7045454545454546,0.7409090909090907,0.11791788041591644,False
results/m1/n100_r8_all_non_upper_s44.npz,100,8,all_non_upper,44,14,0.7000000000000001,0.7000000000000001,0.1114005520939827,False
results/m1/n100_r8_early_s42.npz,100,8,early,42,6,0.7772727272727273,0.8181818181818182,0.0860615074634552,False
results/m1/n100_r8_early_s43.npz,100,8,early,43,6,0.8136363636363636,0.7999999999999999,0.07404187321662903,False
results/m1/n100_r8_early_s44.npz,100,8,early,44,6,0.7409090909090911,0.7863636363636363,0.10111863166093826,False
results/m1/n100_r8_mid_s42.npz,100,8,mid,42,18,0.6727272727272727,0.7272727272727273,0.10766258835792542,False
results/m1/n100_r8_mid_s43.npz,100,8,mid,43,18,0.7045454545454546,0.6727272727272727,0.12711970508098602,False
results/m1/n100_r8_mid_s44.npz,100,8,mid,44,18,0.6454545454545455,0.6681818181818181,0.13486215472221375,False
results/m1/n250_r16_all_non_upper_s42.npz,250,16,all_non_upper,42,14,0.8227272727272726,0.4681818181818182,0.16735726594924927,False
results/m1/n250_r16_all_non_upper_s43.npz,250,16,all_non_upper,43,14,0.8272727272727274,0.44999999999999996,0.12764188647270203,False
results/m1/n250_r16_all_non_upper_s44.npz,250,16,all_non_upper,44,14,0.8090909090909091,0.49090909090909096,0.12671303749084473,False
results/m1/n250_r16_early_s42.npz,250,16,early,42,6,0.9545454545454544,0.5136363636363637,0.10555654764175415,False
results/m1/n250_r16_early_s43.npz,250,16,early,43,6,0.9681818181818183,0.49090909090909085,0.11325528472661972,False
results/m1/n250_r16_early_s44.npz,250,16,early,44,6,0.9227272727272727,0.4454545454545455,0.10205753892660141,False
results/m1/n250_r16_mid_s42.npz,250,16,mid,42,18,0.7818181818181817,0.48636363636363633,0.15008947253227234,False
results/m1/n250_r16_mid_s43.npz,250,16,mid,43,18,0.8136363636363636,0.4,0.11885372549295425,False
results/m1/n250_r16_mid_s44.npz,250,16,mid,44,18,0.740909090909091,0.4318181818181819,0.11767937242984772,False
results/m1/n250_r1_all_non_upper_s42.npz,250,1,all_non_upper,42,14,0.17272727272727273,0.9272727272727272,0.34554532170295715,False
results/m1/n250_r1_all_non_upper_s43.npz,250,1,all_non_upper,43,14,0.16363636363636364,0.9045454545454544,0.2567046880722046,False
results/m1/n250_r1_all_non_upper_s44.npz,250,1,all_non_upper,44,14,0.17272727272727273,0.881818181818182,0.23168250918388367,False
results/m1/n250_r1_early_s42.npz,250,1,early,42,6,0.18181818181818182,0.9772727272727273,0.25073763728141785,False
results/m1/n250_r1_early_s43.npz,250,1,early,43,6,0.18181818181818182,0.95,0.07223872095346451,False
results/m1/n250_r1_early_s44.npz,250,1,early,44,6,0.18181818181818182,0.9454545454545454,0.06797419488430023,False
results/m1/n250_r1_mid_s42.npz,250,1,mid,42,18,0.16818181818181818,0.9,0.29766687750816345,False
results/m1/n250_r1_mid_s43.npz,250,1,mid,43,18,0.17727272727272728,0.8727272727272727,0.24316447973251343,False
results/m1/n250_r1_mid_s44.npz,250,1,mid,44,18,0.14545454545454548,0.859090909090909,0.1599368453025818,False
results/m1/n250_r2_all_non_upper_s42.npz,250,2,all_non_upper,42,14,0.18636363636363634,0.8909090909090908,0.17953315377235413,False
results/m1/n250_r2_all_non_upper_s43.npz,250,2,all_non_upper,43,14,0.30000000000000004,0.8772727272727271,0.12376442551612854,False
results/m1/n250_r2_all_non_upper_s44.npz,250,2,all_non_upper,44,14,0.35454545454545455,0.85,0.15465666353702545,False
results/m1/n250_r2_early_s42.npz,250,2,early,42,6,0.2727272727272727,0.9318181818181818,0.12623117864131927,False
results/m1/n250_r2_early_s43.npz,250,2,early,43,6,0.3590909090909091,0.9181818181818181,0.07847803086042404,False
results/m1/n250_r2_early_s44.npz,250,2,early,44,6,0.36363636363636365,0.9,0.07240226119756699,False
results/m1/n250_r2_mid_s42.npz,250,2,mid,42,18,0.35000000000000003,0.859090909090909,0.14481042325496674,False
results/m1/n250_r2_mid_s43.npz,250,2,mid,43,18,0.25,0.8454545454545456,0.10283969342708588,False
results/m1/n250_r2_mid_s44.npz,250,2,mid,44,18,0.2590909090909091,0.8272727272727273,0.09066979587078094,False
results/m1/n250_r32_all_non_upper_s42.npz,250,32,all_non_upper,42,14,0.8227272727272726,0.4681818181818182,0.13493503630161285,False
results/m1/n250_r32_all_non_upper_s43.npz,250,32,all_non_upper,43,14,0.8272727272727274,0.44999999999999996,0.1263556182384491,False
results/m1/n250_r32_all_non_upper_s44.npz,250,32,all_non_upper,44,14,0.8090909090909091,0.49090909090909096,0.11515334248542786,False
results/m1/n250_r32_early_s42.npz,250,32,early,42,6,0.9545454545454544,0.5136363636363637,0.0914088636636734,False
results/m1/n250_r32_early_s43.npz,250,32,early,43,6,0.9681818181818183,0.49090909090909085,0.1149076595902443,False
results/m1/n250_r32_early_s44.npz,250,32,early,44,6,0.9227272727272727,0.4454545454545455,0.11217144131660461,False
results/m1/n250_r32_mid_s42.npz,250,32,mid,42,18,0.7818181818181817,0.48636363636363633,0.12377125769853592,False
results/m1/n250_r32_mid_s43.npz,250,32,mid,43,18,0.8136363636363636,0.4,0.12470495700836182,False
results/m1/n250_r32_mid_s44.npz,250,32,mid,44,18,0.740909090909091,0.4318181818181819,0.14003655314445496,False
results/m1/n250_r4_all_non_upper_s42.npz,250,4,all_non_upper,42,14,0.5181818181818182,0.8,0.1268344521522522,False
results/m1/n250_r4_all_non_upper_s43.npz,250,4,all_non_upper,43,14,0.43636363636363634,0.8045454545454546,0.11793187260627747,False
results/m1/n250_r4_all_non_upper_s44.npz,250,4,all_non_upper,44,14,0.43636363636363634,0.8,0.1409083902835846,False
results/m1/n250_r4_early_s42.npz,250,4,early,42,6,0.5454545454545454,0.9045454545454547,0.058818429708480835,False
results/m1/n250_r4_early_s43.npz,250,4,early,43,6,0.4818181818181818,0.8590909090909092,0.11484616249799728,False
results/m1/n250_r4_early_s44.npz,250,4,early,44,6,0.4681818181818182,0.8636363636363636,0.11613163352012634,False
results/m1/n250_r4_mid_s42.npz,250,4,mid,42,18,0.3727272727272727,0.8090909090909091,0.12798576056957245,False
results/m1/n250_r4_mid_s43.npz,250,4,mid,43,18,0.45454545454545453,0.7863636363636363,0.10646916925907135,False
results/m1/n250_r4_mid_s44.npz,250,4,mid,44,18,0.4,0.7636363636363636,0.13415449857711792,False
results/m1/n250_r8_all_non_upper_s42.npz,250,8,all_non_upper,42,14,0.6954545454545454,0.5909090909090909,0.1161872074007988,False
results/m1/n250_r8_all_non_upper_s43.npz,250,8,all_non_upper,43,14,0.7090909090909091,0.5545454545454547,0.11077354103326797,False
results/m1/n250_r8_all_non_upper_s44.npz,250,8,all_non_upper,44,14,0.7000000000000001,0.6090909090909092,0.12131983041763306,False
results/m1/n250_r8_early_s42.npz,250,8,early,42,6,0.7863636363636364,0.6727272727272727,0.07833614200353622,False
results/m1/n250_r8_early_s43.npz,250,8,early,43,6,0.8,0.6818181818181818,0.07892365753650665,False
results/m1/n250_r8_early_s44.npz,250,8,early,44,6,0.7954545454545454,0.5954545454545455,0.08401243388652802,False
results/m1/n250_r8_mid_s42.npz,250,8,mid,42,18,0.6681818181818181,0.5818181818181819,0.10278235375881195,False
results/m1/n250_r8_mid_s43.npz,250,8,mid,43,18,0.7045454545454545,0.49999999999999994,0.13212692737579346,False
results/m1/n250_r8_mid_s44.npz,250,8,mid,44,18,0.6590909090909091,0.5499999999999999,0.13676178455352783,False
results/m1/n500_r16_all_non_upper_s42.npz,500,16,all_non_upper,42,14,0.8454545454545453,0.40454545454545454,0.15620142221450806,False
results/m1/n500_r16_all_non_upper_s43.npz,500,16,all_non_upper,43,14,0.8272727272727273,0.38636363636363635,0.1293412744998932,False
results/m1/n500_r16_all_non_upper_s44.npz,500,16,all_non_upper,44,14,0.8409090909090909,0.39545454545454545,0.11189267039299011,False
results/m1/n500_r16_early_s42.npz,500,16,early,42,6,0.959090909090909,0.4681818181818182,0.10619419068098068,False
results/m1/n500_r16_early_s43.npz,500,16,early,43,6,0.9636363636363636,0.4318181818181817,0.11318209767341614,False
results/m1/n500_r16_early_s44.npz,500,16,early,44,6,0.9227272727272727,0.4090909090909091,0.10446739196777344,False
results/m1/n500_r16_mid_s42.npz,500,16,mid,42,18,0.8409090909090909,0.3727272727272728,0.1579478234052658,False
results/m1/n500_r16_mid_s43.npz,500,16,mid,43,18,0.7818181818181817,0.32727272727272727,0.12574909627437592,False
results/m1/n500_r16_mid_s44.npz,500,16,mid,44,18,0.7909090909090909,0.3772727272727273,0.11714712530374527,False
results/m1/n500_r1_all_non_upper_s42.npz,500,1,all_non_upper,42,14,0.16818181818181818,0.9272727272727272,0.34715569019317627,False
results/m1/n500_r1_all_non_upper_s43.npz,500,1,all_non_upper,43,14,0.17727272727272728,0.9045454545454544,0.257266104221344,False
results/m1/n500_r1_all_non_upper_s44.npz,500,1,all_non_upper,44,14,0.17272727272727273,0.8772727272727273,0.22762764990329742,False
results/m1/n500_r1_early_s42.npz,500,1,early,42,6,0.18181818181818182,0.9727272727272728,0.25191977620124817,False
results/m1/n500_r1_early_s43.npz,500,1,early,43,6,0.18181818181818182,0.95,0.07567398250102997,False
results/m1/n500_r1_early_s44.npz,500,1,early,44,6,0.17727272727272728,0.9545454545454546,0.06866501271724701,False
results/m1/n500_r1_mid_s42.npz,500,1,mid,42,18,0.16818181818181818,0.909090909090909,0.2972031533718109,False
results/m1/n500_r1_mid_s43.npz,500,1,mid,43,18,0.17727272727272728,0.8636363636363636,0.2861335873603821,False
results/m1/n500_r1_mid_s44.npz,500,1,mid,44,18,0.15,0.8863636363636364,0.15551498532295227,False
results/m1/n500_r2_all_non_upper_s42.npz,500,2,all_non_upper,42,14,0.31363636363636366,0.8727272727272727,0.1592079997062683,False
results/m1/n500_r2_all_non_upper_s43.npz,500,2,all_non_upper,43,14,0.34545454545454546,0.868181818181818,0.13393184542655945,False
results/m1/n500_r2_all_non_upper_s44.npz,500,2,all_non_upper,44,14,0.33181818181818185,0.8454545454545453,0.1522883176803589,False
results/m1/n500_r2_early_s42.npz,500,2,early,42,6,0.35454545454545455,0.9272727272727274,0.11082885414361954,False
results/m1/n500_r2_early_s43.npz,500,2,early,43,6,0.46818181818181814,0.9045454545454544,0.07816054672002792,False
results/m1/n500_r2_early_s44.npz,500,2,early,44,6,0.33636363636363636,0.9045454545454544,0.07716938108205795,False
results/m1/n500_r2_mid_s42.npz,500,2,mid,42,18,0.25,0.859090909090909,0.1673266589641571,False
results/m1/n500_r2_mid_s43.npz,500,2,mid,43,18,0.2318181818181818,0.8136363636363636,0.10227512568235397,False
results/m1/n500_r2_mid_s44.npz,500,2,mid,44,18,0.3272727272727272,0.85,0.08856318891048431,False
results/m1/n500_r32_all_non_upper_s42.npz,500,32,all_non_upper,42,14,0.8454545454545453,0.40454545454545454,0.1209707111120224,False
results/m1/n500_r32_all_non_upper_s43.npz,500,32,all_non_upper,43,14,0.8272727272727273,0.38636363636363635,0.13249750435352325,False
results/m1/n500_r32_all_non_upper_s44.npz,500,32,all_non_upper,44,14,0.8409090909090909,0.39545454545454545,0.12071748077869415,False
results/m1/n500_r32_early_s42.npz,500,32,early,42,6,0.959090909090909,0.4681818181818182,0.09464593231678009,False
results/m1/n500_r32_early_s43.npz,500,32,early,43,6,0.9636363636363636,0.4318181818181817,0.11607687175273895,False
results/m1/n500_r32_early_s44.npz,500,32,early,44,6,0.9227272727272727,0.4090909090909091,0.10808838903903961,False
results/m1/n500_r32_mid_s42.npz,500,32,mid,42,18,0.8409090909090909,0.3727272727272728,0.11217981576919556,False
results/m1/n500_r32_mid_s43.npz,500,32,mid,43,18,0.7818181818181817,0.32727272727272727,0.12061713635921478,False
results/m1/n500_r32_mid_s44.npz,500,32,mid,44,18,0.7909090909090909,0.3772727272727273,0.12630751729011536,False
results/m1/n500_r4_all_non_upper_s42.npz,500,4,all_non_upper,42,14,0.509090909090909,0.7727272727272727,0.12757351994514465,False
results/m1/n500_r4_all_non_upper_s43.npz,500,4,all_non_upper,43,14,0.45454545454545453,0.75,0.11560915410518646,False
results/m1/n500_r4_all_non_upper_s44.npz,500,4,all_non_upper,44,14,0.4681818181818182,0.7863636363636364,0.1408998668193817,False
results/m1/n500_r4_early_s42.npz,500,4,early,42,6,0.5318181818181819,0.8954545454545454,0.06154636666178703,False
results/m1/n500_r4_early_s43.npz,500,4,early,43,6,0.49090909090909096,0.8681818181818183,0.1142459362745285,False
results/m1/n500_r4_early_s44.npz,500,4,early,44,6,0.4636363636363636,0.8454545454545456,0.1185058057308197,False
results/m1/n500_r4_mid_s42.npz,500,4,mid,42,18,0.41363636363636364,0.7727272727272727,0.13121145963668823,False
results/m1/n500_r4_mid_s43.npz,500,4,mid,43,18,0.4454545454545455,0.7363636363636363,0.11944130063056946,False
results/m1/n500_r4_mid_s44.npz,500,4,mid,44,18,0.4636363636363636,0.7636363636363636,0.1346171349287033,False
results/m1/n500_r8_all_non_upper_s42.npz,500,8,all_non_upper,42,14,0.7045454545454546,0.5136363636363636,0.11869044601917267,False
results/m1/n500_r8_all_non_upper_s43.npz,500,8,all_non_upper,43,14,0.7136363636363637,0.4636363636363637,0.10534574091434479,False
results/m1/n500_r8_all_non_upper_s44.npz,500,8,all_non_upper,44,14,0.6909090909090909,0.5272727272727272,0.11531886458396912,False
results/m1/n500_r8_early_s42.npz,500,8,early,42,6,0.8409090909090909,0.6,0.07788601517677307,False
results/m1/n500_r8_early_s43.npz,500,8,early,43,6,0.8181818181818182,0.5954545454545455,0.08041030913591385,False
results/m1/n500_r8_early_s44.npz,500,8,early,44,6,0.8136363636363636,0.5590909090909091,0.0800728052854538,False
results/m1/n500_r8_mid_s42.npz,500,8,mid,42,18,0.7136363636363637,0.5136363636363637,0.114161416888237,False
results/m1/n500_r8_mid_s43.npz,500,8,mid,43,18,0.75,0.44090909090909086,0.12387093901634216,False
results/m1/n500_r8_mid_s44.npz,500,8,mid,44,18,0.6818181818181818,0.4772727272727273,0.12895925343036652,False
results/m1/n50_r16_all_non_upper_s42.npz,50,16,all_non_upper,42,14,0.8,0.7045454545454546,0.14493390917778015,False
results/m1/n50_r16_all_non_upper_s43.npz,50,16,all_non_upper,43,14,0.8181818181818182,0.75,0.1446509063243866,False
results/m1/n50_r16_all_non_upper_s44.npz,50,16,all_non_upper,44,14,0.7727272727272727,0.7818181818181817,0.11835207790136337,False
results/m1/n50_r16_early_s42.npz,50,16,early,42,6,0.9227272727272726,0.818181818181818,0.11044175177812576,False
results/m1/n50_r16_early_s43.npz,50,16,early,43,6,0.9409090909090909,0.8136363636363636,0.11934931576251984,False
results/m1/n50_r16_early_s44.npz,50,16,early,44,6,0.9045454545454544,0.7818181818181817,0.10549913346767426,False
results/m1/n50_r16_mid_s42.npz,50,16,mid,42,18,0.7363636363636363,0.740909090909091,0.13534437119960785,False
results/m1/n50_r16_mid_s43.npz,50,16,mid,43,18,0.8,0.7136363636363636,0.14027301967144012,False
results/m1/n50_r16_mid_s44.npz,50,16,mid,44,18,0.7318181818181819,0.7363636363636363,0.12351389229297638,False
results/m1/n50_r1_all_non_upper_s42.npz,50,1,all_non_upper,42,14,0.17272727272727273,0.9227272727272727,0.35064709186553955,False
results/m1/n50_r1_all_non_upper_s43.npz,50,1,all_non_upper,43,14,0.17727272727272728,0.9045454545454544,0.2558455765247345,False
results/m1/n50_r1_all_non_upper_s44.npz,50,1,all_non_upper,44,14,0.17272727272727273,0.8909090909090908,0.23589667677879333,False
results/m1/n50_r1_early_s42.npz,50,1,early,42,6,0.18181818181818182,0.9772727272727273,0.25736409425735474,False
results/m1/n50_r1_early_s43.npz,50,1,early,43,6,0.17727272727272728,0.959090909090909,0.06689807772636414,False
results/m1/n50_r1_early_s44.npz,50,1,early,44,6,0.18181818181818182,0.95,0.07739425450563431,False
results/m1/n50_r1_mid_s42.npz,50,1,mid,42,18,0.16818181818181818,0.8999999999999999,0.30864188075065613,False
results/m1/n50_r1_mid_s43.npz,50,1,mid,43,18,0.17727272727272728,0.859090909090909,0.2749766409397125,False
results/m1/n50_r1_mid_s44.npz,50,1,mid,44,18,0.17727272727272728,0.8727272727272727,0.16657215356826782,False
results/m1/n50_r2_all_non_upper_s42.npz,50,2,all_non_upper,42,14,0.23636363636363636,0.9045454545454544,0.17288905382156372,False
results/m1/n50_r2_all_non_upper_s43.npz,50,2,all_non_upper,43,14,0.25,0.8863636363636362,0.12987132370471954,False
results/m1/n50_r2_all_non_upper_s44.npz,50,2,all_non_upper,44,14,0.36818181818181817,0.868181818181818,0.1496729850769043,False
results/m1/n50_r2_early_s42.npz,50,2,early,42,6,0.3136363636363636,0.9545454545454546,0.11632895469665527,False
results/m1/n50_r2_early_s43.npz,50,2,early,43,6,0.2863636363636364,0.9363636363636363,0.07256489247083664,False
results/m1/n50_r2_early_s44.npz,50,2,early,44,6,0.2590909090909091,0.9181818181818181,0.06342004984617233,False
results/m1/n50_r2_mid_s42.npz,50,2,mid,42,18,0.22272727272727275,0.8863636363636364,0.13822214305400848,False
results/m1/n50_r2_mid_s43.npz,50,2,mid,43,18,0.2636363636363636,0.8363636363636363,0.0917716771364212,False
results/m1/n50_r2_mid_s44.npz,50,2,mid,44,18,0.3727272727272727,0.85,0.08888395130634308,False
results/m1/n50_r32_all_non_upper_s42.npz,50,32,all_non_upper,42,14,0.8,0.7045454545454546,0.13761277496814728,False
results/m1/n50_r32_all_non_upper_s43.npz,50,32,all_non_upper,43,14,0.8181818181818182,0.75,0.1123868077993393,False
results/m1/n50_r32_all_non_upper_s44.npz,50,32,all_non_upper,44,14,0.7727272727272727,0.7818181818181817,0.11690269410610199,False
results/m1/n50_r32_early_s42.npz,50,32,early,42,6,0.9227272727272726,0.818181818181818,0.10694621503353119,False
results/m1/n50_r32_early_s43.npz,50,32,early,43,6,0.9409090909090909,0.8136363636363636,0.13531789183616638,False
results/m1/n50_r32_early_s44.npz,50,32,early,44,6,0.9045454545454544,0.7818181818181817,0.12277421355247498,False
results/m1/n50_r32_mid_s42.npz,50,32,mid,42,18,0.7363636363636363,0.740909090909091,0.136811763048172,False
results/m1/n50_r32_mid_s43.npz,50,32,mid,43,18,0.8,0.7136363636363636,0.11549100279808044,False
results/m1/n50_r32_mid_s44.npz,50,32,mid,44,18,0.7318181818181819,0.7363636363636363,0.1452164649963379,False
results/m1/n50_r4_all_non_upper_s42.npz,50,4,all_non_upper,42,14,0.4772727272727273,0.8818181818181817,0.14012902975082397,False
results/m1/n50_r4_all_non_upper_s43.npz,50,4,all_non_upper,43,14,0.4727272727272727,0.8545454545454546,0.12454648315906525,False
results/m1/n50_r4_all_non_upper_s44.npz,50,4,all_non_upper,44,14,0.4636363636363637,0.8545454545454546,0.13401201367378235,False
results/m1/n50_r4_early_s42.npz,50,4,early,42,6,0.43636363636363634,0.9409090909090909,0.0612376406788826,False
results/m1/n50_r4_early_s43.npz,50,4,early,43,6,0.509090909090909,0.9363636363636363,0.11087971925735474,False
results/m1/n50_r4_early_s44.npz,50,4,early,44,6,0.45909090909090905,0.9136363636363637,0.10384964942932129,False
results/m1/n50_r4_mid_s42.npz,50,4,mid,42,18,0.40454545454545454,0.8727272727272727,0.13472047448158264,False
results/m1/n50_r4_mid_s43.npz,50,4,mid,43,18,0.4454545454545455,0.8181818181818182,0.12440647929906845,False
results/m1/n50_r4_mid_s44.npz,50,4,mid,44,18,0.38181818181818183,0.8227272727272728,0.12964625656604767,False
results/m1/n50_r8_all_non_upper_s42.npz,50,8,all_non_upper,42,14,0.7590909090909093,0.7727272727272727,0.11044158041477203,False
results/m1/n50_r8_all_non_upper_s43.npz,50,8,all_non_upper,43,14,0.6909090909090909,0.7863636363636364,0.14043490588665009,False
results/m1/n50_r8_all_non_upper_s44.npz,50,8,all_non_upper,44,14,0.6772727272727272,0.7954545454545454,0.12477687746286392,False
results/m1/n50_r8_early_s42.npz,50,8,early,42,6,0.8318181818181819,0.868181818181818,0.08077417314052582,False
results/m1/n50_r8_early_s43.npz,50,8,early,43,6,0.7954545454545454,0.8863636363636364,0.07700508832931519,False
results/m1/n50_r8_early_s44.npz,50,8,early,44,6,0.7545454545454546,0.8545454545454546,0.10665528476238251,False
results/m1/n50_r8_mid_s42.npz,50,8,mid,42,18,0.6454545454545454,0.790909090909091,0.1071261391043663,False
results/m1/n50_r8_mid_s43.npz,50,8,mid,43,18,0.6772727272727272,0.759090909090909,0.1415451020002365,False
results/m1/n50_r8_mid_s44.npz,50,8,mid,44,18,0.6772727272727272,0.7545454545454546,0.13063374161720276,False
